repository	dataset_accession	relative_path	file_name	size_bytes	manifest_recorded	artifact_type	fetch_status	source	sha256	candidate_type	parser_support	suggested_parser	classification_reason
GEO	GSE125921	GSE125921/GSE125921_family.soft.gz	GSE125921_family.soft.gz	25717648	true	family_soft	success	https://ftp.ncbi.nlm.nih.gov/geo/series/GSE125nnn/GSE125921/soft/GSE125921_family.soft.gz	68c8a1d8e25acbc90bfd6b2c949f45afb4ed36d2b76fd337fa675ee7e27e3708	geo_family_soft	supported	geo_feature_verifier	GEO family SOFT files provide platform and feature annotation metadata.
GEO	GSE125921	GSE125921/GSE125921_series_matrix.txt.gz	GSE125921_series_matrix.txt.gz	6350460	true	series_matrix	success	https://ftp.ncbi.nlm.nih.gov/geo/series/GSE125nnn/GSE125921/matrix/GSE125921_series_matrix.txt.gz	ff40749ad6bdd628f6d41b8777517f9d774b8edfd172a47a290c84e9fce6e755	geo_series_matrix	supported	geo_matrix_parse_module	GEO series matrices are supported expression parser inputs.
GEO	GSE13485	GSE13485/GSE13485_family.soft.gz	GSE13485_family.soft.gz	16431424	true	family_soft	success	https://ftp.ncbi.nlm.nih.gov/geo/series/GSE13nnn/GSE13485/soft/GSE13485_family.soft.gz	a9474663ab362e6f1660aa128ae7c6f1bb650d26f5a31fa5ab2f018eafc9e4d7	geo_family_soft	supported	geo_feature_verifier	GEO family SOFT files provide platform and feature annotation metadata.
GEO	GSE13485	GSE13485/GSE13485_series_matrix.txt.gz	GSE13485_series_matrix.txt.gz	9627893	true	series_matrix	success	https://ftp.ncbi.nlm.nih.gov/geo/series/GSE13nnn/GSE13485/matrix/GSE13485_series_matrix.txt.gz	8399d88306b13d5a6f23cc5d4227c59da561fd9b97ab2840e22279d4046d546b	geo_series_matrix	supported	geo_matrix_parse_module	GEO series matrices are supported expression parser inputs.
GEO	GSE136163	GSE136163/GSE136163_family.soft.gz	GSE136163_family.soft.gz	69856219	true	family_soft	success	https://ftp.ncbi.nlm.nih.gov/geo/series/GSE136nnn/GSE136163/soft/GSE136163_family.soft.gz	570ed7248f7509f6c5c5d43d3d3a5dd4aeb5e524b724b63c4cf12d10c690bbd1	geo_family_soft	supported	geo_feature_verifier	GEO family SOFT files provide platform and feature annotation metadata.
GEO	GSE136163	GSE136163/GSE136163_series_matrix.txt.gz	GSE136163_series_matrix.txt.gz	29985491	true	series_matrix	success	https://ftp.ncbi.nlm.nih.gov/geo/series/GSE136nnn/GSE136163/matrix/GSE136163_series_matrix.txt.gz	c64467f5e2725be0ae3ddfcbd3cc6538e70d66b1ec928422e7d737898b10da81	geo_series_matrix	supported	geo_matrix_parse_module	GEO series matrices are supported expression parser inputs.
GEO	GSE13699	GSE13699/GSE13699-GPL6104_series_matrix.txt	GSE13699-GPL6104_series_matrix.txt	9126997	false					tabular_supplement	potential		Tabular content may be useful, but no automatic parser is assigned.
GEO	GSE13699	GSE13699/GSE13699-GPL6104_series_matrix.txt.gz	GSE13699-GPL6104_series_matrix.txt.gz	1666331	true	series_matrix	success	https://ftp.ncbi.nlm.nih.gov/geo/series/GSE13nnn/GSE13699/matrix/GSE13699-GPL6104_series_matrix.txt.gz	225186833a128ddb8f8a3641d847c36a83ee91ae25878bc13589029e1fbbe115	geo_series_matrix	supported	geo_matrix_parse_module	GEO series matrices are supported expression parser inputs.
GEO	GSE13699	GSE13699/GSE13699-GPL6883_series_matrix.txt.gz	GSE13699-GPL6883_series_matrix.txt.gz	227905	true	series_matrix	success	https://ftp.ncbi.nlm.nih.gov/geo/series/GSE13nnn/GSE13699/matrix/GSE13699-GPL6883_series_matrix.txt.gz	3319b4c0cdb2c6b4429166a31f8cba469d8f1f55010ba8e3e3ba57e875b436cf	geo_series_matrix	supported	geo_matrix_parse_module	GEO series matrices are supported expression parser inputs.
GEO	GSE13699	GSE13699/GSE13699_family.soft.gz	GSE13699_family.soft.gz	36438281	true	family_soft	success	https://ftp.ncbi.nlm.nih.gov/geo/series/GSE13nnn/GSE13699/soft/GSE13699_family.soft.gz	b6a75e5bf817a2017258fb7d59dacb1f6acd710aa013c20dcc5cec6c1b4d27a6	geo_family_soft	supported	geo_feature_verifier	GEO family SOFT files provide platform and feature annotation metadata.
GEO	GSE82152	GSE82152/GSE82152_family.soft.gz	GSE82152_family.soft.gz	17469439	true	family_soft	success	https://ftp.ncbi.nlm.nih.gov/geo/series/GSE82nnn/GSE82152/soft/GSE82152_family.soft.gz	f20d8b99c0c397b0b0eb1fec8728e81429e3bb8aca68f3d094d6b077fff1f8ae	geo_family_soft	supported	geo_feature_verifier	GEO family SOFT files provide platform and feature annotation metadata.
GEO	GSE82152	GSE82152/GSE82152_series_matrix.txt.gz	GSE82152_series_matrix.txt.gz	11035457	true	series_matrix	success	https://ftp.ncbi.nlm.nih.gov/geo/series/GSE82nnn/GSE82152/matrix/GSE82152_series_matrix.txt.gz	355ec5fb4d9f88800a7edda137c33cfe6bfb81f3af5ed3e244ee48ae013d9c7e	geo_series_matrix	supported	geo_matrix_parse_module	GEO series matrices are supported expression parser inputs.
ImmPort	SDY1264	SDY1264/SDY1264-DR58_Tab.zip	SDY1264-DR58_Tab.zip	661355	true	release_file	success	SDY1264/SDY1264-DR58_Tab.zip	0744a1a9501dca5f19a3b3285a0858b1961010573291c4cc3dde7552ac46c74b	immport_tab_archive	supported	immport_parse_module	ImmPort Tab archives are supported sample-link parser inputs.
ImmPort	SDY1289	SDY1289/SDY1289-DR58_Tab.zip	SDY1289-DR58_Tab.zip	421034	true	release_file	success	SDY1289/SDY1289-DR58_Tab.zip	492d3dc11002658b68548db4586e7e0a52ce75d0371e2de936404bfc1c684723	immport_tab_archive	supported	immport_parse_module	ImmPort Tab archives are supported sample-link parser inputs.
ImmPort	SDY1289	SDY1289/SDY1289-DR58_manifest.txt	SDY1289-DR58_manifest.txt	1206	true	release_file	success	SDY1289/SDY1289-DR58_manifest.txt	e2b4864f08ced8002b3e056ee401a083023c51d3f394b577a7d699f425ba3f80	tabular_supplement	potential		Tabular content may be useful, but no automatic parser is assigned.
ImmPort	SDY1289	SDY1289/SDY1289-DR58_summary.txt	SDY1289-DR58_summary.txt	30	true	release_file	success	SDY1289/SDY1289-DR58_summary.txt	d1a7d7005d372498a40a56ca3f98906ae2e835f7271647f412445233e83b664d	tabular_supplement	potential		Tabular content may be useful, but no automatic parser is assigned.
ImmPort	SDY1289	SDY1289/SDY1289-DR58_table_count.txt	SDY1289-DR58_table_count.txt	2159	true	release_file	success	SDY1289/SDY1289-DR58_table_count.txt	49b4f63787a6db38f5f4780e3c377e82502a316d24afd071d92b3a6818d0c241	tabular_supplement	potential		Tabular content may be useful, but no automatic parser is assigned.
ImmPort	SDY1289	SDY1289/StudyFiles/StudyFile.Obsolete.Period.StudyGlossary.ID4633-34.6133.SDY1289.txt	StudyFile.Obsolete.Period.StudyGlossary.ID4633-34.6133.SDY1289.txt	1924	true	study_file	success	SDY1289/StudyFiles/StudyFile.Obsolete.Period.StudyGlossary.ID4633-34.6133.SDY1289.txt	5868c9951bf79b31fc609de6c7365a7e7595bb497c57bc3bf6357fe9261bfece	tabular_supplement	potential		Tabular content may be useful, but no automatic parser is assigned.
ImmPort	SDY1294	SDY1294/SDY1294-DR58_Tab.zip	SDY1294-DR58_Tab.zip	414899	true	release_file	success	SDY1294/SDY1294-DR58_Tab.zip	681a07f779027a06495db2646b790316e2420edfa6927c37ad2cc6c86b35b7d2	immport_tab_archive	supported	immport_parse_module	ImmPort Tab archives are supported sample-link parser inputs.
ImmPort	SDY1294	SDY1294/SDY1294-DR58_manifest.txt	SDY1294-DR58_manifest.txt	1222	true	release_file	success	SDY1294/SDY1294-DR58_manifest.txt	48c4e10c157e8f5be5f2cba8a97862037552561395648fbd473738dc439c6311	tabular_supplement	potential		Tabular content may be useful, but no automatic parser is assigned.
ImmPort	SDY1294	SDY1294/SDY1294-DR58_summary.txt	SDY1294-DR58_summary.txt	30	true	release_file	success	SDY1294/SDY1294-DR58_summary.txt	9994c663ad241e8af13d1e6419320efdfbe2a5533a2ab0b99240c89d808a21ee	tabular_supplement	potential		Tabular content may be useful, but no automatic parser is assigned.
ImmPort	SDY1294	SDY1294/SDY1294-DR58_table_count.txt	SDY1294-DR58_table_count.txt	2158	true	release_file	success	SDY1294/SDY1294-DR58_table_count.txt	c303fb89b92c37f483231ef0fee6b071a8a8223b5465c6d68b0869d2116b3b20	tabular_supplement	potential		Tabular content may be useful, but no automatic parser is assigned.
ImmPort	SDY1294	SDY1294/StudyFiles/StudyFile.Obsolete.Period.StudyGlossary.ID4633-34.6133.SDY1294.txt	StudyFile.Obsolete.Period.StudyGlossary.ID4633-34.6133.SDY1294.txt	2391	true	study_file	success	SDY1294/StudyFiles/StudyFile.Obsolete.Period.StudyGlossary.ID4633-34.6133.SDY1294.txt	36c09ded86b0ddce28256814cdea11e8bc7afa83f7bf0a498e6abddc8581b701	tabular_supplement	potential		Tabular content may be useful, but no automatic parser is assigned.
ImmPort	SDY1529	SDY1529/SDY1529-DR58_Tab.zip	SDY1529-DR58_Tab.zip	512940	true	release_file	cached	SDY1529/SDY1529-DR58_Tab.zip	044fdb3a1977139aca6d60abf4571e245eda7df605695ad6bb777ca92a2e9d38	immport_tab_archive	supported	immport_parse_module	ImmPort Tab archives are supported sample-link parser inputs.
ImmPort	SDY1529	SDY1529/SDY1529-DR58_Tab/Tab/arm_2_subject.txt	arm_2_subject.txt	2454	false					tabular_supplement	potential		Tabular content may be useful, but no automatic parser is assigned.
ImmPort	SDY1529	SDY1529/SDY1529-DR58_Tab/Tab/arm_or_cohort.txt	arm_or_cohort.txt	249	false					tabular_supplement	potential		Tabular content may be useful, but no automatic parser is assigned.
ImmPort	SDY1529	SDY1529/SDY1529-DR58_Tab/Tab/biosample.txt	biosample.txt	18648	false					tabular_supplement	potential		Tabular content may be useful, but no automatic parser is assigned.
ImmPort	SDY1529	SDY1529/SDY1529-DR58_Tab/Tab/contract_grant.txt	contract_grant.txt	423	false					tabular_supplement	potential		Tabular content may be useful, but no automatic parser is assigned.
ImmPort	SDY1529	SDY1529/SDY1529-DR58_Tab/Tab/contract_grant_2_personnel.txt	contract_grant_2_personnel.txt	52	false					tabular_supplement	potential		Tabular content may be useful, but no automatic parser is assigned.
ImmPort	SDY1529	SDY1529/SDY1529-DR58_Tab/Tab/contract_grant_2_study.txt	contract_grant_2_study.txt	47	false					tabular_supplement	potential		Tabular content may be useful, but no automatic parser is assigned.
ImmPort	SDY1529	SDY1529/SDY1529-DR58_Tab/Tab/experiment.txt	experiment.txt	251	false					tabular_supplement	potential		Tabular content may be useful, but no automatic parser is assigned.
ImmPort	SDY1529	SDY1529/SDY1529-DR58_Tab/Tab/experiment_2_protocol.txt	experiment_2_protocol.txt	74	false					tabular_supplement	potential		Tabular content may be useful, but no automatic parser is assigned.
ImmPort	SDY1529	SDY1529/SDY1529-DR58_Tab/Tab/expsample.txt	expsample.txt	13174	false					tabular_supplement	potential		Tabular content may be useful, but no automatic parser is assigned.
ImmPort	SDY1529	SDY1529/SDY1529-DR58_Tab/Tab/expsample_2_biosample.txt	expsample_2_biosample.txt	5080	false					tabular_supplement	potential		Tabular content may be useful, but no automatic parser is assigned.
ImmPort	SDY1529	SDY1529/SDY1529-DR58_Tab/Tab/expsample_2_reagent.txt	expsample_2_reagent.txt	6194	false					tabular_supplement	potential		Tabular content may be useful, but no automatic parser is assigned.
ImmPort	SDY1529	SDY1529/SDY1529-DR58_Tab/Tab/expsample_2_treatment.txt	expsample_2_treatment.txt	4576	false					tabular_supplement	potential		Tabular content may be useful, but no automatic parser is assigned.
ImmPort	SDY1529	SDY1529/SDY1529-DR58_Tab/Tab/expsample_public_repository.txt	expsample_public_repository.txt	5647	false					tabular_supplement	potential		Tabular content may be useful, but no automatic parser is assigned.
ImmPort	SDY1529	SDY1529/SDY1529-DR58_Tab/Tab/file_details.txt	file_details.txt	1019	false					tabular_supplement	potential		Tabular content may be useful, but no automatic parser is assigned.
ImmPort	SDY1529	SDY1529/SDY1529-DR58_Tab/Tab/immune_exposure.txt	immune_exposure.txt	3162	false					tabular_supplement	potential		Tabular content may be useful, but no automatic parser is assigned.
ImmPort	SDY1529	SDY1529/SDY1529-DR58_Tab/Tab/inclusion_exclusion.txt	inclusion_exclusion.txt	167	false					tabular_supplement	potential		Tabular content may be useful, but no automatic parser is assigned.
ImmPort	SDY1529	SDY1529/SDY1529-DR58_Tab/Tab/lk_adverse_event_severity.txt	lk_adverse_event_severity.txt	1634	false					tabular_supplement	potential		Tabular content may be useful, but no automatic parser is assigned.
ImmPort	SDY1529	SDY1529/SDY1529-DR58_Tab/Tab/lk_age_event.txt	lk_age_event.txt	1140	false					tabular_supplement	potential		Tabular content may be useful, but no automatic parser is assigned.
ImmPort	SDY1529	SDY1529/SDY1529-DR58_Tab/Tab/lk_analyte.txt	lk_analyte.txt	317871	false					tabular_supplement	potential		Tabular content may be useful, but no automatic parser is assigned.
ImmPort	SDY1529	SDY1529/SDY1529-DR58_Tab/Tab/lk_ancestral_population.txt	lk_ancestral_population.txt	3167	false					tabular_supplement	potential		Tabular content may be useful, but no automatic parser is assigned.
ImmPort	SDY1529	SDY1529/SDY1529-DR58_Tab/Tab/lk_arm_type.txt	lk_arm_type.txt	2094	false					tabular_supplement	potential		Tabular content may be useful, but no automatic parser is assigned.
ImmPort	SDY1529	SDY1529/SDY1529-DR58_Tab/Tab/lk_cell_population.txt	lk_cell_population.txt	33851	false					tabular_supplement	potential		Tabular content may be useful, but no automatic parser is assigned.
ImmPort	SDY1529	SDY1529/SDY1529-DR58_Tab/Tab/lk_cell_population_marker.txt	lk_cell_population_marker.txt	3101	false					tabular_supplement	potential		Tabular content may be useful, but no automatic parser is assigned.
ImmPort	SDY1529	SDY1529/SDY1529-DR58_Tab/Tab/lk_compound_role.txt	lk_compound_role.txt	340	false					tabular_supplement	potential		Tabular content may be useful, but no automatic parser is assigned.
ImmPort	SDY1529	SDY1529/SDY1529-DR58_Tab/Tab/lk_criterion_category.txt	lk_criterion_category.txt	320	false					tabular_supplement	potential		Tabular content may be useful, but no automatic parser is assigned.
ImmPort	SDY1529	SDY1529/SDY1529-DR58_Tab/Tab/lk_data_completeness.txt	lk_data_completeness.txt	242	false					tabular_supplement	potential		Tabular content may be useful, but no automatic parser is assigned.
ImmPort	SDY1529	SDY1529/SDY1529-DR58_Tab/Tab/lk_disease.txt	lk_disease.txt	99154	false					tabular_supplement	potential		Tabular content may be useful, but no automatic parser is assigned.
ImmPort	SDY1529	SDY1529/SDY1529-DR58_Tab/Tab/lk_disease_stage.txt	lk_disease_stage.txt	5947	false					tabular_supplement	potential		Tabular content may be useful, but no automatic parser is assigned.
ImmPort	SDY1529	SDY1529/SDY1529-DR58_Tab/Tab/lk_ethnicity.txt	lk_ethnicity.txt	1014	false					tabular_supplement	potential		Tabular content may be useful, but no automatic parser is assigned.
ImmPort	SDY1529	SDY1529/SDY1529-DR58_Tab/Tab/lk_exp_measurement_tech.txt	lk_exp_measurement_tech.txt	28584	false					tabular_supplement	potential		Tabular content may be useful, but no automatic parser is assigned.
ImmPort	SDY1529	SDY1529/SDY1529-DR58_Tab/Tab/lk_exposure_material.txt	lk_exposure_material.txt	20005	false					tabular_supplement	potential		Tabular content may be useful, but no automatic parser is assigned.
ImmPort	SDY1529	SDY1529/SDY1529-DR58_Tab/Tab/lk_exposure_process.txt	lk_exposure_process.txt	2966	false					tabular_supplement	potential		Tabular content may be useful, but no automatic parser is assigned.
ImmPort	SDY1529	SDY1529/SDY1529-DR58_Tab/Tab/lk_expsample_result_schema.txt	lk_expsample_result_schema.txt	1382	false					tabular_supplement	potential		Tabular content may be useful, but no automatic parser is assigned.
ImmPort	SDY1529	SDY1529/SDY1529-DR58_Tab/Tab/lk_file_detail.txt	lk_file_detail.txt	5563	false					tabular_supplement	potential		Tabular content may be useful, but no automatic parser is assigned.
ImmPort	SDY1529	SDY1529/SDY1529-DR58_Tab/Tab/lk_gender.txt	lk_gender.txt	1102	false					tabular_supplement	potential		Tabular content may be useful, but no automatic parser is assigned.
ImmPort	SDY1529	SDY1529/SDY1529-DR58_Tab/Tab/lk_hmdb.txt	lk_hmdb.txt	1434911	false					tabular_supplement	potential		Tabular content may be useful, but no automatic parser is assigned.
ImmPort	SDY1529	SDY1529/SDY1529-DR58_Tab/Tab/lk_lab_test_name.txt	lk_lab_test_name.txt	67003	false					tabular_supplement	potential		Tabular content may be useful, but no automatic parser is assigned.
ImmPort	SDY1529	SDY1529/SDY1529-DR58_Tab/Tab/lk_lab_test_panel_name.txt	lk_lab_test_panel_name.txt	4832	false					tabular_supplement	potential		Tabular content may be useful, but no automatic parser is assigned.
ImmPort	SDY1529	SDY1529/SDY1529-DR58_Tab/Tab/lk_locus_name.txt	lk_locus_name.txt	134	false					tabular_supplement	potential		Tabular content may be useful, but no automatic parser is assigned.
ImmPort	SDY1529	SDY1529/SDY1529-DR58_Tab/Tab/lk_mass_spectrometry_type.txt	lk_mass_spectrometry_type.txt	582	false					tabular_supplement	potential		Tabular content may be useful, but no automatic parser is assigned.
ImmPort	SDY1529	SDY1529/SDY1529-DR58_Tab/Tab/lk_organization.txt	lk_organization.txt	5587	false					tabular_supplement	potential		Tabular content may be useful, but no automatic parser is assigned.
ImmPort	SDY1529	SDY1529/SDY1529-DR58_Tab/Tab/lk_personnel_role.txt	lk_personnel_role.txt	5622	false					tabular_supplement	potential		Tabular content may be useful, but no automatic parser is assigned.
ImmPort	SDY1529	SDY1529/SDY1529-DR58_Tab/Tab/lk_plate_type.txt	lk_plate_type.txt	61	false					tabular_supplement	potential		Tabular content may be useful, but no automatic parser is assigned.
ImmPort	SDY1529	SDY1529/SDY1529-DR58_Tab/Tab/lk_protein_name.txt	lk_protein_name.txt	79725	false					tabular_supplement	potential		Tabular content may be useful, but no automatic parser is assigned.
ImmPort	SDY1529	SDY1529/SDY1529-DR58_Tab/Tab/lk_protocol_type.txt	lk_protocol_type.txt	2585	false					tabular_supplement	potential		Tabular content may be useful, but no automatic parser is assigned.
ImmPort	SDY1529	SDY1529/SDY1529-DR58_Tab/Tab/lk_public_repository.txt	lk_public_repository.txt	5162	false					tabular_supplement	potential		Tabular content may be useful, but no automatic parser is assigned.
ImmPort	SDY1529	SDY1529/SDY1529-DR58_Tab/Tab/lk_race.txt	lk_race.txt	1940	false					tabular_supplement	potential		Tabular content may be useful, but no automatic parser is assigned.
ImmPort	SDY1529	SDY1529/SDY1529-DR58_Tab/Tab/lk_reagent_type.txt	lk_reagent_type.txt	3515	false					tabular_supplement	potential		Tabular content may be useful, but no automatic parser is assigned.
ImmPort	SDY1529	SDY1529/SDY1529-DR58_Tab/Tab/lk_research_focus.txt	lk_research_focus.txt	4165	false					tabular_supplement	potential		Tabular content may be useful, but no automatic parser is assigned.
ImmPort	SDY1529	SDY1529/SDY1529-DR58_Tab/Tab/lk_sample_type.txt	lk_sample_type.txt	23175	false					tabular_supplement	potential		Tabular content may be useful, but no automatic parser is assigned.
ImmPort	SDY1529	SDY1529/SDY1529-DR58_Tab/Tab/lk_source_type.txt	lk_source_type.txt	297	false					tabular_supplement	potential		Tabular content may be useful, but no automatic parser is assigned.
ImmPort	SDY1529	SDY1529/SDY1529-DR58_Tab/Tab/lk_species.txt	lk_species.txt	2104	false					tabular_supplement	potential		Tabular content may be useful, but no automatic parser is assigned.
ImmPort	SDY1529	SDY1529/SDY1529-DR58_Tab/Tab/lk_study_file_type.txt	lk_study_file_type.txt	4046	false					tabular_supplement	potential		Tabular content may be useful, but no automatic parser is assigned.
ImmPort	SDY1529	SDY1529/SDY1529-DR58_Tab/Tab/lk_study_panel.txt	lk_study_panel.txt	1742	false					tabular_supplement	potential		Tabular content may be useful, but no automatic parser is assigned.
ImmPort	SDY1529	SDY1529/SDY1529-DR58_Tab/Tab/lk_subject_location.txt	lk_subject_location.txt	118461	false					tabular_supplement	potential		Tabular content may be useful, but no automatic parser is assigned.
ImmPort	SDY1529	SDY1529/SDY1529-DR58_Tab/Tab/lk_t0_event.txt	lk_t0_event.txt	1142	false					tabular_supplement	potential		Tabular content may be useful, but no automatic parser is assigned.
ImmPort	SDY1529	SDY1529/SDY1529-DR58_Tab/Tab/lk_time_unit.txt	lk_time_unit.txt	753	false					tabular_supplement	potential		Tabular content may be useful, but no automatic parser is assigned.
ImmPort	SDY1529	SDY1529/SDY1529-DR58_Tab/Tab/lk_transcript_type.txt	lk_transcript_type.txt	1452	false					tabular_supplement	potential		Tabular content may be useful, but no automatic parser is assigned.
ImmPort	SDY1529	SDY1529/SDY1529-DR58_Tab/Tab/lk_unit_of_measure.txt	lk_unit_of_measure.txt	24163	false					tabular_supplement	potential		Tabular content may be useful, but no automatic parser is assigned.
ImmPort	SDY1529	SDY1529/SDY1529-DR58_Tab/Tab/lk_user_role_type.txt	lk_user_role_type.txt	528	false					tabular_supplement	potential		Tabular content may be useful, but no automatic parser is assigned.
ImmPort	SDY1529	SDY1529/SDY1529-DR58_Tab/Tab/lk_virus_strain.txt	lk_virus_strain.txt	11747	false					tabular_supplement	potential		Tabular content may be useful, but no automatic parser is assigned.
ImmPort	SDY1529	SDY1529/SDY1529-DR58_Tab/Tab/lk_visibility_category.txt	lk_visibility_category.txt	494	false					tabular_supplement	potential		Tabular content may be useful, but no automatic parser is assigned.
ImmPort	SDY1529	SDY1529/SDY1529-DR58_Tab/Tab/neut_ab_titer_result.txt	neut_ab_titer_result.txt	10792	false					tabular_supplement	potential		Tabular content may be useful, but no automatic parser is assigned.
ImmPort	SDY1529	SDY1529/SDY1529-DR58_Tab/Tab/personnel.txt	personnel.txt	172	false					tabular_supplement	potential		Tabular content may be useful, but no automatic parser is assigned.
ImmPort	SDY1529	SDY1529/SDY1529-DR58_Tab/Tab/planned_visit.txt	planned_visit.txt	403	false					tabular_supplement	potential		Tabular content may be useful, but no automatic parser is assigned.
ImmPort	SDY1529	SDY1529/SDY1529-DR58_Tab/Tab/program.txt	program.txt	1238	false					tabular_supplement	potential		Tabular content may be useful, but no automatic parser is assigned.
ImmPort	SDY1529	SDY1529/SDY1529-DR58_Tab/Tab/program_2_personnel.txt	program_2_personnel.txt	42	false					tabular_supplement	potential		Tabular content may be useful, but no automatic parser is assigned.
ImmPort	SDY1529	SDY1529/SDY1529-DR58_Tab/Tab/protocol.txt	protocol.txt	405	false					tabular_supplement	potential		Tabular content may be useful, but no automatic parser is assigned.
ImmPort	SDY1529	SDY1529/SDY1529-DR58_Tab/Tab/reagent.txt	reagent.txt	447	false					tabular_supplement	potential		Tabular content may be useful, but no automatic parser is assigned.
ImmPort	SDY1529	SDY1529/SDY1529-DR58_Tab/Tab/study.txt	study.txt	2028	false					tabular_supplement	potential		Tabular content may be useful, but no automatic parser is assigned.
ImmPort	SDY1529	SDY1529/SDY1529-DR58_Tab/Tab/study_2_condition_or_disease.txt	study_2_condition_or_disease.txt	119	false					tabular_supplement	potential		Tabular content may be useful, but no automatic parser is assigned.
ImmPort	SDY1529	SDY1529/SDY1529-DR58_Tab/Tab/study_2_panel.txt	study_2_panel.txt	171	false					tabular_supplement	potential		Tabular content may be useful, but no automatic parser is assigned.
ImmPort	SDY1529	SDY1529/SDY1529-DR58_Tab/Tab/study_2_protocol.txt	study_2_protocol.txt	51	false					tabular_supplement	potential		Tabular content may be useful, but no automatic parser is assigned.
ImmPort	SDY1529	SDY1529/SDY1529-DR58_Tab/Tab/study_categorization.txt	study_categorization.txt	84	false					tabular_supplement	potential		Tabular content may be useful, but no automatic parser is assigned.
ImmPort	SDY1529	SDY1529/SDY1529-DR58_Tab/Tab/study_data_release.txt	study_data_release.txt	140	false					tabular_supplement	potential		Tabular content may be useful, but no automatic parser is assigned.
ImmPort	SDY1529	SDY1529/SDY1529-DR58_Tab/Tab/study_file.txt	study_file.txt	372	false					tabular_supplement	potential		Tabular content may be useful, but no automatic parser is assigned.
ImmPort	SDY1529	SDY1529/SDY1529-DR58_Tab/Tab/study_link.txt	study_link.txt	165	false					tabular_supplement	potential		Tabular content may be useful, but no automatic parser is assigned.
ImmPort	SDY1529	SDY1529/SDY1529-DR58_Tab/Tab/study_personnel.txt	study_personnel.txt	471	false					tabular_supplement	potential		Tabular content may be useful, but no automatic parser is assigned.
ImmPort	SDY1529	SDY1529/SDY1529-DR58_Tab/Tab/subject.txt	subject.txt	3299	false					tabular_supplement	potential		Tabular content may be useful, but no automatic parser is assigned.
ImmPort	SDY1529	SDY1529/SDY1529-DR58_Tab/Tab/treatment.txt	treatment.txt	255	false					tabular_supplement	potential		Tabular content may be useful, but no automatic parser is assigned.
ImmPort	SDY1529	SDY1529/SDY1529-DR58_Tab/Tab/workspace.txt	workspace.txt	68	false					tabular_supplement	potential		Tabular content may be useful, but no automatic parser is assigned.
ImmPort	SDY1529	SDY1529/SDY1529-DR58_manifest.txt	SDY1529-DR58_manifest.txt	1212	true	release_file	cached	SDY1529/SDY1529-DR58_manifest.txt	df9800c165cae35115a452f1a24edd6d3b7bc6a8a11ed99ca643f944cbb44258	tabular_supplement	potential		Tabular content may be useful, but no automatic parser is assigned.
ImmPort	SDY1529	SDY1529/SDY1529-DR58_summary.txt	SDY1529-DR58_summary.txt	30	true	release_file	cached	SDY1529/SDY1529-DR58_summary.txt	d1a7d7005d372498a40a56ca3f98906ae2e835f7271647f412445233e83b664d	tabular_supplement	potential		Tabular content may be useful, but no automatic parser is assigned.
ImmPort	SDY1529	SDY1529/SDY1529-DR58_table_count.txt	SDY1529-DR58_table_count.txt	2156	true	release_file	cached	SDY1529/SDY1529-DR58_table_count.txt	385d76301cb423b6ff972515d9a596de169e5d5a0367e7e74e3c956147d64f10	tabular_supplement	potential		Tabular content may be useful, but no automatic parser is assigned.
ImmPort	SDY1529	SDY1529/StudyFiles/StudyFile.Obsolete.Period.StudyGlossary.ID4633-34.6133.SDY1529.txt	StudyFile.Obsolete.Period.StudyGlossary.ID4633-34.6133.SDY1529.txt	1734	true	study_file	cached	SDY1529/StudyFiles/StudyFile.Obsolete.Period.StudyGlossary.ID4633-34.6133.SDY1529.txt	3b45e50d63c0c8ee96aef6f2f6fdd82124a1731bed3cb866df25b198adb425e2	tabular_supplement	potential		Tabular content may be useful, but no automatic parser is assigned.
